insert into GENRE values ('G0001', '액션');
insert into GENRE values ('G0002', '스포츠');
insert into GENRE values ('G0003', 'SF');
insert into GENRE values ('G0004', '음악');
insert into GENRE values ('G0005', '로맨스');
insert into GENRE values ('G0006', '가족');
insert into GENRE values ('G0007', '애니메이션');
insert into GENRE values ('G0008', '호러');
insert into GENRE values ('G0009', '코메디');
insert into GENRE values ('G0010', '드라마');
insert into GENRE values ('G0011', '전쟁');


insert into user values ('tkddms4199', 'tkddms4199', '윤상은', 0, '99/07/20', 'tkddms4199@naver.com', 0);
insert into user values ('5905kjh', '1234', '권주현', 0, '99/07/25', '5905kjh@naver.com', 0);
insert into user values ('taeil0614', 'nct0614', '문태일', 1, '94/06/14', 'taeil0614@naver.com', 0);
insert into user values ('johnny0209', 'nct0209', '존전서', 1, '95/02/09', 'johnny0209@naver.com', 0);
insert into user values ('taeyong0701', 'nct0701', '이태용', 1, '95/07/01', 'taeyong0701@naver.com', 0);
insert into user values ('yuta1026', 'nct1026', '나카모토 유타', 1, '95/10/26', 'yuta1026@gmail.com', 0);
insert into user values ('kun0101', 'nct0101', '첸쿤', 1, '96/01/11', 'kun0101@naver.com', 0);
insert into user values ('doyoung0201', 'nct0201', '김동영', 1, '96/02/01', 'doyoung0201@naver.com', 0);
insert into user values ('karina123', 'aespa1', '유지민', 0, '00/04/11', 'karina123@naver.com', 0);
insert into user values ('giselle123', 'aespa2', '우치나가 애리', 0, '00/10/30', 'giselle123@naver.com', 0);
insert into user values ('winter123', 'aespa3', '김민정', 0, '01/01/01', 'winter123@naver.com', 0);
insert into user values ('ning123', 'aespa4', '닝이줘', 0, '02/10/23', 'ning123@naver.com', 0);

insert into MOVIE values ('MA001', '타이타닉', '제임스 카메론', 'https://postfiles.pstatic.net/MjAyMDEyMDNfMTI1/MDAxNjA2OTQwMzI3NDY1.n6PFE3J_8MXwLH0axImlv5hG_LFsu6VPZkGYDkFiBesg.BTqq3fzqrtMaOG452zwPzcd-Ky25pZ_uL8Bc5RykuXEg.JPEG.tkddms4199/MA001.jpg?type=w773', 1997, 15, 197, 0);
insert into MOVIE values ('MA002', '어벤져스: 엔드게임', '엔서니 루소, 조 루소', 'https://postfiles.pstatic.net/MjAyMDEyMDNfMjc5/MDAxNjA2OTQwMzg3MjM1.VKhmAvC43EEdbKb22NHjwv0iupUsQyGKnTYrQnbOpXkg.ecw_GWz8eb_ke524AbgaiF-w0N3HQEPmGJ4iFuf4AE0g.JPEG.tkddms4199/MA002.jpg?type=w773', 2019, 12, 181, 0);
insert into MOVIE values ('MA003', '그린북', '피터 패럴리', 'https://postfiles.pstatic.net/MjAyMDEyMDJfMTM2/MDAxNjA2ODM5MDczMTMy.i6OxBRKtN_bdJQMuem6wz87X8dgVy5uVBN0IGCnhpeMg.bNVIIFEq2MCyqzFOpafw5IUtweAfi2ofiuOiaPIl0ncg.JPEG.tkddms4199/MA003.jpg?type=w773', 2019, 12, 130, 0);
insert into MOVIE values ('MA004', '가버나움', '나딘 라바키', 'https://postfiles.pstatic.net/MjAyMDEyMDJfMTIg/MDAxNjA2ODM5MjI1MjQ1.hT2ttf7n_bSRMb4R2IP8ctTo3_tT6K0x9erFAZ3m4ugg.kJyh_UFxfWjssM99qUo9VQTRrMHKzDwo7WfGwZUqZyYg.JPEG.tkddms4199/MA004.jpg?type=w773', 2019, 15, 126, 0);
insert into MOVIE values ('MA005', '먼 훗날 우리', '유약영', 'https://postfiles.pstatic.net/MjAyMDEyMDJfMTQg/MDAxNjA2ODM5MDc0MTIy.yzF2y70Rb6EJ6pHutin4I3JYz8BAfMv0NZeVJBVABQMg.wEDQDAjmsWdFuTTEpIfxVvSwmUuePWI9o5rDfOErw2wg.JPEG.tkddms4199/MA005.jpg?type=w773', 2019, 15, 126, 0);
insert into MOVIE values ('MA006', '디지몬 어드벤처 라스트 에볼루션 : 인연', '타구치 토모히사', 'https://postfiles.pstatic.net/MjAyMDEyMDJfMzkg/MDAxNjA2ODM5MjQzOTMy.NsH4m3atlMsjkREpExMgpfmkVftbzwwtr3FcGsqPb_og.wb7tJI-UoNQ-gijMgYKjMupBIG4H-qCjmh3KGRln1Gkg.JPEG.tkddms4199/MA006.jpg?type=w773', 2020, 12, 94, 0);
insert into MOVIE values ('MA007', '베일리 어게인', '라세 할스트롬', 'https://postfiles.pstatic.net/MjAyMDEyMDJfMTg2/MDAxNjA2ODM5MDc0MTM1.74zaSYLPEYUvJqmSQBzqkR5ketoLFyZZxNboLj8lF1kg.s-9eYJ2ZiZFId2pFeNWRDIETe_XuSipvPwrUSmRTJfAg.JPEG.tkddms4199/MA007.jpg?type=w773', 2018, 0, 126, 0);
insert into MOVIE values ('MA008', '극장판 바이올렛 에버가든', '이시다테 타이치', 'https://postfiles.pstatic.net/MjAyMDEyMDJfMTgg/MDAxNjA2ODM5MDgyOTQ3._PFP6JlxtyaOzHlHebrtIM3rWg1P3B8q2d015tHr5Ogg.bv7BC8xoTa8Dxsn3ZDJU2mWy0tPtFRoBXbxOavQ1CPQg.JPEG.tkddms4199/MA008.jpg?type=w773', 2020, 0, 140, 0);
insert into MOVIE values ('MA009', '아일라', '잔 울카이', 'https://postfiles.pstatic.net/MjAyMDEyMDJfMjQy/MDAxNjA2ODM5MDkzNzI3.GTZGI7RNOSO5VwB8omu6TtG4oNCQ_elggHDQJIiJqSwg.w4ed661nVblqqzy40fjeKjg-f5xLBc5B7dAb-MaHDEAg.JPEG.tkddms4199/MA009.jpg?type=w773', 2018, 15, 123, 0);
insert into MOVIE values ('MA010', '원더', '스티븐 크보스키', 'https://postfiles.pstatic.net/MjAyMDEyMDJfMjYz/MDAxNjA2ODM5Mjc2NDAx.9byHUxIMwTEl-Wj-S4Yfisp1kN0MNqyuvKzR_LPw9xQg.X47Ktu1mKk_srqnkmlpvqEhKGjOgfjiF4cWC9lxOL88g.JPEG.tkddms4199/MA010.jpg?type=w773', 2017, 0, 113, 0);
insert into MOVIE values ('MA011', '포드 V 페라리', '제임스 맨골드', 'https://postfiles.pstatic.net/MjAyMDEyMDJfNTMg/MDAxNjA2ODM5MjcxMDI1.5FOx7cMA-J1ssOpo13phJ-IIamADvDfmKpgOFQ7NsAIg.kwtQ8R-s5eSAwjZTKGo2JKeSEIwnw_iDGmOU3_T1lH8g.JPEG.tkddms4199/MA011.jpg?type=w773', 2019, 12, 152, 0);
insert into MOVIE values ('MA012', '당갈', '니테쉬 티와리', 'https://postfiles.pstatic.net/MjAyMDEyMDJfMTQ4/MDAxNjA2ODM5MTA1MDk4.-9VAaFQWJnDwrVIth0BuRDhaeTx5AbbCStr7qSVSNZYg.OcG2okhuLMa8srXby3yoDserCwaDvZut0Q6mgpRZe84g.JPEG.tkddms4199/MA012.jpg?type=w773', 2018, 12, 161, 0);
insert into MOVIE values ('MA013', '주전장', '스티븐 크보스키', 'https://postfiles.pstatic.net/MjAyMDEyMDJfMjA2/MDAxNjA2ODM5MTAyMDIx.NfqEF9lwM7X3QnFB7bOMtIXVfcGZWV7PRAxlLzfhJgYg.YdS5ZK9pL2sewW5Is4oOeahzE1qudJZDF4jyw5ePV10g.JPEG.tkddms4199/MA013.jpg?type=w773', 2017, 0, 113, 0);
insert into MOVIE values ('MA014', '쇼생크 탈출', '프랭크 다라본트', 'https://postfiles.pstatic.net/MjAyMDEyMDJfMjU5/MDAxNjA2ODM5MTA3OTM3.m4ws-iVGVQNWNJMrwyjYgI4Tu2hxoe3o1OYMccE62dQg.nopCgtZm8YVqL4KWuOI3ir6PFur3nNI5kk69-j7u5a4g.JPEG.tkddms4199/MA014.jpg?type=w773', 1995, 15, 142, 0);
insert into MOVIE values ('MA015', '터미네이터 2:오리지널', '제임스 카메론', 'https://postfiles.pstatic.net/MjAyMDEyMDJfMjMg/MDAxNjA2ODM5MTA4MjIz.1lAvuChGugoPwXqPO-RsMfFEUcyEde1K0ytq04pGT9Ig.6W7k3euWkC2iGiFljxAU_0dU7xqdacGjVIFZifGoagYg.JPEG.tkddms4199/MA015.jpg?type=w773', 1991, 15, 137, 0);
insert into MOVIE values ('MA016', '인터스텔라', '크리스토퍼 놀란', 'https://postfiles.pstatic.net/MjAyMDEyMDNfMTg0/MDAxNjA2OTQwNTAyMDIx.BZCH6H6KX2F6hfU0pEAXULI2XvAtNyJv_Jsx6M-JCewg.jloqwkbXePyppTdUApWSjjNXfOeBvzD8_nezodiw1tAg.JPEG.tkddms4199/MA016.jpg?type=w773', 2014, 12, 169, 0);
insert into MOVIE values ('MA017', '위대한 쇼맨', '마이클 그레이시', 'https://postfiles.pstatic.net/MjAyMDEyMDNfMjU4/MDAxNjA2OTQwNTE4OTgx.ve7Yuf6spqfbEoCPy2PsofMfBaTvRk4AyHyEqnq9uksg.bWrHcpQPqYBrxpXFDKQdi-9gPKVKcsa5RSWKIy82B_kg.JPEG.tkddms4199/MA017.jpg?type=w773', 2017, 12, 104, 0);
insert into MOVIE values ('MA018', '국가대표', '김용화', 'https://postfiles.pstatic.net/MjAyMDEyMDNfMTUy/MDAxNjA2OTQwNDkwNDky.UIEx8E9rtKhm0vY9W2tVk8yeOjRlUIj72XSECDRlaZog.uJsYmu0wDE96RrRVrHpJdYG3cfySxc0LDVhxLyewVXwg.JPEG.tkddms4199/MA018.jpg?type=w773', 2009, 12, 137, 0);
insert into MOVIE values ('MA019', '달링', '앤디 서키스', 'https://postfiles.pstatic.net/MjAyMDEyMDNfMjM5/MDAxNjA2OTQwNDk0ODI3.P1VJTwxv5rLyluaBRjtBYdDb3uS-EUT_k6gvTb4DbG4g.jvdPkWG-Glol7trxMxmOGUzRKQlDFxBMBMv7WHoTLREg.JPEG.tkddms4199/MA019.jpg?type=w773', 2018, 12, 118, 0);
insert into MOVIE values ('MA020', '애나벨: 인형의 주인', '데이비드 F. 샌드버그', 'https://postfiles.pstatic.net/MjAyMDEyMDNfNTIg/MDAxNjA2OTQwNDk1OTAw.f-bMye-_Zov8FBHK4YB5e3C9cn7Hj9lQLW_2tRDT-2Ig.nw4-nk0Q8GlX4jIhb9PS7bzmu15BTTmy7V-9bN24KkIg.JPEG.tkddms4199/MA020.jpg?type=w773', 2017, 15, 109, 0);
insert into MOVIE values ('MA021', '퍼펙트 게임', '박희곤', 'https://postfiles.pstatic.net/MjAyMDEyMDNfMjAx/MDAxNjA2OTQwNDkyODIw.F0IDn0542Vy8jPzZw8qUzwEJxP1DeYtX6_lE-NftzCwg.g4ov_h5-tyNLj7AZpoVpSwadgOLuIza0sX3nr-KJ7hEg.JPEG.tkddms4199/MA021.jpg?type=w773', 2011, 12, 127, 0);
insert into MOVIE values ('MA022', '비긴 어게인', '존 카니', 'https://postfiles.pstatic.net/MjAyMDEyMDNfMjgw/MDAxNjA2OTQwNTE3NTQ3.JSirl2FKC_Ubd_2JQf1l29nW5mfVPv7Q4Sd50twpyhAg.48Am8DwGPBM0t2mdGK_aVBudqCDrIP229y_rwlK70Zwg.JPEG.tkddms4199/MA022.jpg?type=w773', 2014, 15, 104, 0);
insert into MOVIE values ('MA023', '고사: 피의 중간고사', '창감독', 'https://postfiles.pstatic.net/MjAyMDEyMDNfMSAg/MDAxNjA2OTQwNDk1OTcy.TZhpi-GJBBiz6p3YvyZM0C--sMyTkxhie_ZeSVFu5LYg.qVxeMrIWHuxfAD89VJqUBqMqqfdH_SoHe57SDKfjcecg.JPEG.tkddms4199/MA023.jpg?type=w773', 2008, 15, 85, 0);
insert into MOVIE values ('MA024', '고지전', '장훈', 'https://postfiles.pstatic.net/MjAyMDEyMDNfMTY4/MDAxNjA2OTQwNTAwMDUx.qznzUjQVMXAvvX9ZCXifC4ixMM_j-3IJguBQzB1QnxQg.cFcUSuqH7ENQTP--RCyyrlzmszQo1uZvvnVP-enKeIIg.JPEG.tkddms4199/MA024.jpg?type=w773', 2011, 15, 133, 0);
insert into MOVIE values ('MA025', '센과 치히로의 행방불명', '미야자키 하야오', 'https://postfiles.pstatic.net/MjAyMDEyMDNfMTkz/MDAxNjA2OTQwNTIyMjMy.I4Kk4SeAYeJlIK12HMPpFvoZsOvZu8QV5FEghm6Sqbcg.a4ybnhyakscDXmTAJhgXTYQ5fUpZcspaUFFEN0jgr98g.JPEG.tkddms4199/MA025.jpg?type=w773', 2002, 0, 126, 0);

insert into BELONG values ('MA001', 'G0005');
insert into BELONG values ('MA002', 'G0001');
insert into BELONG values ('MA002', 'G0003');
insert into BELONG values ('MA003', 'G0010');
insert into BELONG values ('MA004', 'G0010');
insert into BELONG values ('MA005', 'G0010');
insert into BELONG values ('MA005', 'G0005');
insert into BELONG values ('MA006', 'G0007');
insert into BELONG values ('MA007', 'G0009');
insert into BELONG values ('MA007', 'G0010');
insert into BELONG values ('MA008', 'G0007');
insert into BELONG values ('MA008', 'G0010');
insert into BELONG values ('MA009', 'G0010');
insert into BELONG values ('MA009', 'G0011');
insert into BELONG values ('MA010', 'G0010');
insert into BELONG values ('MA011', 'G0001');
insert into BELONG values ('MA011', 'G0010');
insert into BELONG values ('MA012', 'G0010');
insert into BELONG values ('MA012', 'G0001');
insert into BELONG values ('MA013', 'G0010');
insert into BELONG values ('MA014', 'G0010');
insert into BELONG values ('MA015', 'G0001');
insert into BELONG values ('MA015', 'G0003');
insert into BELONG values ('MA016', 'G0003');
insert into BELONG values ('MA016', 'G0006');
insert into BELONG values ('MA017', 'G0010');
insert into BELONG values ('MA017', 'G0004');
insert into BELONG values ('MA018', 'G0002');
insert into BELONG values ('MA018', 'G0010');
insert into BELONG values ('MA019', 'G0005');
insert into BELONG values ('MA019', 'G0010');
insert into BELONG values ('MA020', 'G0008');
insert into BELONG values ('MA021', 'G0002');
insert into BELONG values ('MA021', 'G0010');
insert into BELONG values ('MA022', 'G0004');
insert into BELONG values ('MA022', 'G0005');
insert into BELONG values ('MA023', 'G0008');
insert into BELONG values ('MA024', 'G0011');
insert into BELONG values ('MA024', 'G0010');
insert into BELONG values ('MA025', 'G0007');
insert into BELONG values ('MA025', 'G0006');

insert into INTEREST values ('tkddms4199', 'G0005');
insert into INTEREST values ('tkddms4199', 'G0006');
insert into INTEREST values ('tkddms4199', 'G0008');
insert into INTEREST values ('tkddms4199', 'G0009');
insert into INTEREST values ('5905kjh', 'G0003');
insert into INTEREST values ('5905kjh', 'G0004');
insert into INTEREST values ('5905kjh', 'G0007');
insert into INTEREST values ('johnny0209', 'G0003');
insert into INTEREST values ('johnny0209', 'G0009');
insert into INTEREST values ('johnny0209', 'G0011');
insert into INTEREST values ('taeil0614', 'G0001');
insert into INTEREST values ('taeil0614', 'G0010');
insert into INTEREST values ('taeil0614', 'G0009');
insert into INTEREST values ('taeyong0701', 'G0002');
insert into INTEREST values ('taeyong0701', 'G0005');
insert into INTEREST values ('taeyong0701', 'G0006');
insert into INTEREST values ('yuta1026', 'G0003');
insert into INTEREST values ('yuta1026', 'G0004');
insert into INTEREST values ('yuta1026', 'G0005');
insert into INTEREST values ('kun0101', 'G0005');
insert into INTEREST values ('kun0101', 'G0006');
insert into INTEREST values ('kun0101', 'G0007');
insert into INTEREST values ('doyoung0201', 'G0008');
insert into INTEREST values ('doyoung0201', 'G0009');
insert into INTEREST values ('doyoung0201', 'G0010');
insert into INTEREST values ('karina123', 'G0011');
insert into INTEREST values ('karina123', 'G0004');
insert into INTEREST values ('karina123', 'G0005');
insert into INTEREST values ('giselle123', 'G0003');
insert into INTEREST values ('giselle123', 'G0004');
insert into INTEREST values ('giselle123', 'G0005');
insert into INTEREST values ('winter123', 'G0006');
insert into INTEREST values ('winter123', 'G0007');
insert into INTEREST values ('winter123', 'G0008');
insert into INTEREST values ('ning123', 'G0009');
insert into INTEREST values ('ning123', 'G0010');
insert into INTEREST values ('ning123', 'G0005');

insert into RECORD values ('tkddms4199', 'MA001', '20/11/27', '진짜 마지막에 눈물 펑펑 너무 슬픈 사랑 이야기',
							'이건 진짜 여러번 봐도 질리지 않는 영화이다. 마지막에 잭이 죽을 때 너무 슬펐다.', 5);
 insert into RECORD values ('tkddms4199', 'MA002', '20/10/25', '3000만큼 사랑해ㅠㅠ',
							'흑흑 너무 재밌는데 너무 슬프다 .. 어벤져스 앞의 내용을 안봐서 잘 이해가 안가서 옆에 있는 사람한테 물어보면서 봤던 기억이 있다^^.', 5);
insert into RECORD values ('tkddms4199', 'MA003', '20/11/29', '빗속 셜리의 대사는 소름이 끼쳤다',
							'폭설내리는밤 경찰이 두번째로 주인공이 몰고가는 차를 세웠을때 우린 경찰의 대사나 행동을 예측했을 것이다. 하지만 그 예측 자체가 영화보는내내 우리에게 생긴 편견임을 알고 뒤통수를 맞은 느낌이었다!.', 5);
insert into RECORD values ('tkddms4199', 'MA004', '20/11/30', '철 없는 부모, 어른이 되어버린 자인',
							'자인네 부모한테 화딱지가 나서 심장이 터질것같다가도 요나스 귀여움과 자인이 멋진거 보면 기분이 풀렸다. 천사들 앞으로는 행복해라!.', 4);
                            
insert into RECORD values ('5905kjh', 'MA016', '14/12/02', '우린 답을 찾을 거야, 늘 그랬듯이',
							'돈주고 3번 봤다. 영화관에서 두번 vod로 집에서 한번 169분이라는 러닝타임이 전혀 지루하지 않고 정말 재밌었다. ', 5);
insert into RECORD values ('5905kjh', 'MA017', '18/11/06', '엉덩이가 들썩거리는 뮤지컬 영화',
							'막 재밌지는 않았는데 너무 신나고 즐거운 영화였다. 다시 볼 계획은 없지만 한번쯤은 봐도 괜찮을 듯 ', 4);
 insert into RECORD values ('5905kjh', 'MA018', '10/01/11', '감동적이지만 학교에서 너무 자주 틀어준 영화',
							'감동적이고 배울 점도 많고 스키점프라는 종목에 대해서 자세하게 알게되어 넘 좋았다. ', 4);      
  insert into RECORD values ('5905kjh', 'MA022', '14/12/22', 'ost가 너무 좋고 감성적인 영화 ',
							'lost star로 유명했지만 수록곡?도 다 너무 좋았다. 아이들이랑 같이 도로에서 녹음한곡 제목은 기억안나지만 최애곡이다. 두번정도 본 것 같다!.', 5);                              
                 
                            
 insert into RECORD values ('johnny0209', 'MA005', '20/12/02', '엉성한 줄 알았더니, 이렇게 큰 울림이.',
							'원래 술먹고 슬픈 멜로영화 많이보는데 이거 보다가 탈수 올뻔함.. 찐한 첫사랑 있었던 분들이 보면 진짜 눈물 한바가지 쏟아내실껍니다... ', 4);
 insert into RECORD values ('johnny0209', 'MA025', '20/12/01', '미야자키 하야오의 인생작!',
							'주기적으로 보는 영화지만 볼때마다 동심으로 돌아가는 것 같다. 치히로와 하쿠가 나중에 꼭 만나서 행복했으면 좋겠다. ', 5);                          
insert into RECORD values ('johnny0209', 'MA006', '20/11/19', '디지몬 진화~~',
							'태일이 타컸네~우리도 다컸네~나의 어린시절 기억과 함께 감사의 안녕을 ', 3);
insert into RECORD values ('johnny0209', 'MA007', '20/11/22', '우리 강아지가 생각나는 영화',
							'인간이 아닌 개의 시점에서 보는 영화, 견주라면 공감하는 감동적인 내용. 너무너무 감동적이여서 몇번을 울고 웃었는지..', 4);             

 insert into RECORD values ('taeil0614', 'MA008', '20/11/05', '입대할 때도 안 흘린 눈물 시작 5분만에 울었습니다....',
							'일본특유의 전쟁후 후유증의 상실의 감성을 여주인공에게 잘 이입시키 풀어낸 역작 같다.애니정주행하고 본 입장에서는 사실 애니에선 뒤끝이 애매한 느낌. 결말이 없는 애니였지만 극장판에서 잘 마무리 지은듯.', 4);
 insert into RECORD values ('taeil0614', 'MA009', '20/11/04', '너무 감동적이에요.',
							'다음생이 있다면 절대 떨어지지 않아도 될 아빠와 딸로 만나길.. 너무 슬펐다', 4);
 insert into RECORD values ('taeil0614', 'MA010', '20/11/02', '전형적인 스토리 였지만 큰 감동이었다.',
							'진짜 별 기대 없이 본 영화인데 영화가 끝나고 말할 수 없는 감동 받았다. 힘든 고난과 역경을 딛고 꿋꿋하게, 그로인해 많은 사람들에게 영감과 힘을 줄 수 있는 영화 너무 재밌었다.', 3);
 insert into RECORD values ('taeil0614', 'MA011', '20/11/11', '연기, 연출, 각본 다 굿이네요.',
							'영화관의 큰 화면과 사운드로 봐야 제대로 느낄 수 있는 영화다. 결국 마지막 경주를 위한 영화지만 그 경기에서 느낄 수 있는 다양한 감정을 위한 앞의 이야기 연출이 지루하지 않다. 감독의 역량을 느낄 수 있었다', 3);
                            
insert into RECORD values ('taeyong0701', 'MA012', '20/10/02', ' 진짜 인도의 영웅 이야기',
							'기타가 남자한테 질 때, 여자라서 약하구나 하는게 아니라 힘이 약하니까 단백질을 먹여야지. 하는 장면이 나올 때 많은 것을 느꼈다..살짝지루', 3);       
 insert into RECORD values ('taeyong0701', 'MA013', '20/10/12', '어둠은 빛을 이길수 없다 ',
							'영화를 보는 내내 화가나기도 했지만그동안 혐오의 눈으로 바라봐 알길이 없던 일본우익세례들을 조금 알아볼수 있었던 계기였다. 아무것도 모르는건지 모른척을 하는건지 입은 그저 헤헤웃고 눈은 잔인하게 유린당한 인권을 추접스럽게 말하는 그들이 소름끼쳤다.', 4);       
  insert into RECORD values ('taeyong0701', 'MA014', '15/10/02', '살면서 꼭 봐야할 영화.',
							'우리 앞날이 막막하고 어둡고 앞이 잘 보이지 않아도 그래도 언젠가 무언가 모든게 잘될거라는 희망이 있기 때문에 우리가 살아가는이유. 앤디가 더럽고 어두운 하수구를 빠져나와 쏟아지는 빗속에서 포효할때 이 영화를 본 우리들도 자유와 희망을 새겼다.', 5);                                 
  insert into RECORD values ('taeyong0701', 'MA015', '20/10/02', '인류의 문화유산',
							'말이필요없다.. 진짜 멋잇는 아놀드 슈왈츠제네거 아저씨의 멋있는 기계로봇연기!', 5);                                 
                            
insert into RECORD values ('yuta1026', 'MA016', '20/09/02', '재미없지도 않은데 대작인지는...?',
							'학교에서 다 같이 안 보러 갔다면 안 봤을 영화. 전 날 잠을 잘자고 와서 다행히 영화볼때는 안 잤다.', 3);         
insert into RECORD values ('yuta1026', 'MA017', '20/09/13', '별로 재미없는 것 같다',
							'가족끼리 같이봤는데 가족끼리 보기엔 좋지만 굳이 나혼자 보진 않을듯.', 3);                                
 insert into RECORD values ('yuta1026', 'MA018', '20/09/24', '감동적이지만 루즈하다',
							'옛날 영화라서 그런지 연출이 촌스럽고 조금 루즈했다.', 2);                                
 insert into RECORD values ('yuta1026', 'MA019', '20/09/09', '이런 태도로 사랑해야겠다',
							'사랑하는 사람을 남겨두고 가는 심정이 어떨까 생각했고 너무 슬프고 여운이 남는 작품이였다.', 4);                             
                            
 insert into RECORD values ('kun0101', 'MA020', '20/08/09', '공포영화라도 너무 재미가 없다',
							'친구들이랑 봤었는데 갑툭튀만 많고 내용도 너무 개연성없다. 다시 볼 생각 없음.', 1);         
  insert into RECORD values ('kun0101', 'MA021', '20/08/19', '억지 감동..',
							'워낙 대단한 두선수 이야기라 볼만은 했다만 연출은 촌스러웠고 불필요한 스토리 추가등 아쉽더라..', 2);                                    
 insert into RECORD values ('kun0101', 'MA022', '20/08/29', '감성을 건들이는 좋은 영화',
							'삽입곡이 너무 좋아서 ost 패키지도 구입했다! ㅎㅎ 남자주인공이 아저씨인게 별로였지만 여자주인공이 너무예뻐서 좋았다..', 5);                                     
 insert into RECORD values ('kun0101', 'MA023', '20/08/12', '이거 보고 한동안 환풍구를 못보게 되었다.',
							'학교에서 선생님이 틀어주셔서 봤는데 괜히 무서운거 틀어달라고 했다.. 너무 무서워가지고 트라우마 생길 것 같다 ㅠㅠ.', 4);                                     
                            
 insert into RECORD values ('doyoung0201', 'MA024', '20/07/09', '정작 죽고 죽이는 전선에 있는 병사들은 전쟁을 왜 하는지 모른다',
							'영화의 목적은 이념을 심으려는 것도 감동을 주려는 것도 아니다, 다만 민족끼리 피흘리며 싸워야 했던 처참한 비극을 너무나 잘 보여준 영화다. 6.25.처럼 비극적인 전쟁이 또 있을까? 아버지가 아들가슴에 형이 아우 가슴에 총을 겨누었던 슬픈 역사..', 4); 
insert into RECORD values ('doyoung0201', 'MA025', '20/07/18', ' 내 인생에 최고의 영상매체',
							' 보고나면 감성 촉촉해지는 애니메이션. 성인이 되서 보니 이토록 재미도 있고 감동도 있는데 어릴 때는 왜 못느꼈을까?. 아이들을 위한 영화이기도 하지만 어른들에게 추억을 불러일으키는 영화.', 5); 
insert into RECORD values ('doyoung0201', 'MA001', '20/07/25', '이 영화를 안 본 사람이 너무 부럽다. 내가 처음 봤을 때의 그 감동을 느낄 수 있는 기회가 있으니..',
							'내 생애 최고의 영화...처음볼때 영화관에서 안본게 너무 아쉬웠다. 세시간이 전혀 지루하지 않고 몇번을 들어도 ost는 감동이다 ㅠㅠ앞으로 어떤 영화를 보던간에 타이타닉을 이기진 못할것 같다', 5); 
insert into RECORD values ('doyoung0201', 'MA002', '20/07/12', 'Avengers Assemble!',
							'자신만을 위해 살아온 아이언맨은 모두를 위해 희생하고 모두를 위해 희생해온 캡틴은 자신을 위해 선택했다.재밌었다 두번봤다', 5); 

insert into RECORD values ('karina123', 'MA003', '20/06/08', '누가 더 약자인지 서로의 불행을 경쟁하지 않는, 어른의 우정.',
							'품격은 우아하지만 너무 차갑고 딱딱할 수 있다. 인간미는 편안하지만 후덥지근한 느슨함이 있다. 품격과 인간미를 서로 주고 받으며 성장하는 어른들을 위한 동화같은 영화. 잔잔하고 따뜻하다.', 4);
insert into RECORD values ('karina123', 'MA004', '20/06/18', '엄마의 말이 칼처럼 심장을 찌르네요',
							'멋진차, 고급아파트를 가질수 없어 가난이 나쁜게 아니다. 가난은 그것으로 하여금 인간 생 전체적으로 가능성과 존엄성을 앗아가기 때문에 나쁜것이다..', 4);
insert into RECORD values ('karina123', 'MA005', '20/06/28', '마음이 뻐근하게 저리는 영화.',
							'여자에게 있어 가장 아쉬운것은 가장 아름다운 나이에 기다리지 못할 남자를 만난것이고남자에게 있어 가장 아쉬운것은가장 능력없고 초라할때 평생을 지켜주고 싶은 여자를 만난것이 아닐까.', 3);
insert into RECORD values ('karina123', 'MA006', '20/06/08', '영화보고 처음 펑펑 울었다 내 어린 시절과 헤어졌다.',
							'진짜 디지몬 어드벤처 마지막 장식을 넘 잘 해줬다고 생각한다. 너무 아쉽지만 아쉽지 않은 엔딩이였다. 전체적으로 스토리 잘 잡아줌', 5);

insert into RECORD values ('giselle123', 'MA007', '20/04/03', '다시 태어나도 나한테 와주면 좋겠다.',
							'마음이 너무 따듯해지고 눈물이 계속 나왔다 ㅠㅠ 여기나오는 강아지들 모두다 연기 잘하고 사랑스럽고 베일리 여운이 너무 남아요.. ㅠㅠ ', 5);       
insert into RECORD values ('giselle123', 'MA008', '20/04/13', '원작과 달라도 충분히 아름다운 마무리.',
							'남녀노소 가리지않고 모두가 좋아할만한 작품입니다! 애니메이터지망생이라 팬심도 있었지만 공부할려고 집중해서 봤더니 공부는 무슨 계속 울었어요', 5);                               
 insert into RECORD values ('giselle123', 'MA009', '20/04/23', '터키는 우리의 형제국가.',
							'한국전쟁을 터키입장에서 바라본...배우들의 연기도 쏙 빠져들게 만들고 마지막에 실제 사진이랑 배우들이랑 거의 똑 같았다능.. 암튼 터키 고마운 나라!', 5);                              
insert into RECORD values ('giselle123', 'MA010', '20/11/09', '추운 날씨 녹여주는 핫코코아 같은 영화였다.',
							'내 인생의 최고의 영화. 우울하고 음란하고 욕이 많고 폭력적이며 선전성이 강한 한국영화의 정서에서는 찾아볼 수 없는 아름답고 깊은 정서. 너무 아름다운 영화.', 5);                               
                            
insert into RECORD values ('giselle123', 'MA011', '20/02/01', '허례허식을 꿰뚫어보는 영화.',
							'지금 왜 페라리가 최고의 차고 포드가 중저가 차인지 알려주는 영화. 둘은 차를 대하는 태도가 다르다. 페라리는 끝까지 자리를 지키고 포드는 시작하자마자 헬기타고 점심을 먹으러간다..', 4);                                                  
 insert into RECORD values ('giselle123', 'MA012', '20/02/11', '부성애 영화가 아니다. 여성의 인권에 관한 영화다.',
							'영화다운 영화를 봤다. 상영시간이 꽤 긴데도 끝나는 게 아쉽고 이들의 이야기를 더 보고 싶었다. 잘 만든 영화인데 상영 시간대가 별로 없는 게 아쉽다..', 4);    
insert into RECORD values ('giselle123', 'MA013', '20/02/21', '양심있는 일본계 미국인의 영화.',
							'정말 2시간이 지루하지 않았다. 갈수록 핵심으로 다가가는 편집도 좋았고. 아베정권의 의도를 제대로 알 수 있는 영화였다..', 3);    
 insert into RECORD values ('giselle123', 'MA014', '20/02/28', '도저히 마지막장면이 잊혀지지 않는다..',
							'자유에 대한 갈망이라던가 희망이라던가 다 마음에 들었는데 난 좀 다른 부분도 생각한게 결국엔 앤디가 자유를 갖기에 가장 준비된 사람이기에 가능했던 일이라 생각한다. 나도 그러기 위해 노력해야지!!', 4);                   
                            
insert into RECORD values ('winter123', 'MA015', '20/01/01', '평생 본 영화 중 세손가락 안에 꼽히는 영화',
							'20년이 지난 영화지만 아직도 이 영화를 능가할만한 SF 영화는 거의 없다아바타도 제임스 카메룬 작이지만 그래픽과 3D 라는 부분을 빼면 터미네이터2 에 밀린다..그나마 비견될만한게 90년대 초기 터미네이터2 90년대 후반 매트릭스 정도??.', 4);                                                  
 insert into RECORD values ('winter123', 'MA019', '20/01/11', '사랑에 대한 실화 바탕 영화',
							'죽겠다는 생각을 미뤄두고 살아갈 희망을 갖는다는 것이 얼마나 큰 변화를 줄 수 있는지 감동적으로 보여준다.', 5);            
 insert into RECORD values ('winter123', 'MA020', '20/01/21', '너무 재미없다!',
							' 갑자기 악마가 나오고 인형은 나오지도 않는다,, 무서운건 별개로 재미가 없다', 2);            
insert into RECORD values ('winter123', 'MA021', '20/01/20', '보통의 한국영화',
							'재밌지도 재미없지도 않았다. 그냥 보통이였다..', 3);                                        
                            
insert into RECORD values ('ning123', 'MA022', '20/03/08', '내가 제일 좋아하는 영화.',
							'가을에 이영화의 ost를 들으면 진짜 너무 좋다.. 서정적이고 감성적인 영화이다. 다시볼 의사 있음', 4);                                                  
 insert into RECORD values ('ning123', 'MA023', '20/03/11', '학교가 무서워지는 영화.',
							'개연성은 조금 떨어지지만 학교 다니는 학생으로서 학교가 무서워지는 영화였다.결말도 약간 뻔했다..', 3);    
insert into RECORD values ('ning123', 'MA024', '20/03/21', '전쟁영화 잘보시는 분만 보세요.',
							'저는 전쟁영화 너무 무서워해서 어릴때 봤는데 너무 무서웠어요 ㅠㅠ 그리고 한국의 역사가 너무 슬펐습니다.', 3);    
 insert into RECORD values ('ning123', 'MA025', '20/02/28', '주기적으로 꺼내보는 영화',
							'기록으로 남기지 않아도 내맘에 영원히 기억될 영화 내년에 또 봐야지!', 4);
                            
-- M_AvgGrade, U_Time 계산하는 퀴리문 추가하기 --
update MOVIE, (
	select RECORD.M_ID, avg(R_Grade) as avg_g
    from RECORD
    group by M_ID
) as A
set MOVIE.M_AvgGrade = A.avg_g
where MOVIE.M_ID = A.M_ID;

set sql_safe_updates = 0;

update USER, (
	select RECORD.U_ID, sum(M_RunningTime) as sum_r
    from RECORD inner join MOVIE on RECORD.M_ID = MOVIE.M_ID
    group by U_ID
) as B
set USER.U_Time = B.sum_r
where USER.U_ID = B.U_ID;
    
    